{
  "overall": {
    "rows": 2000,
    "ic_column": "wfo_ic",
    "return_column": "annual_ret_net",
    "buckets": 10,
    "global_spearman": -0.15374300874189734,
    "global_pearson": 0.22104081903967007
  },
  "extremes": {
    "bottom_bucket": {
      "bucket": "(-0.0473, 0.0816]",
      "samples": 200,
      "return_min": -0.0463257094614237,
      "return_max": 0.0815196149436234,
      "return_mean": 0.06306958539061075,
      "ic_mean": 0.0735150647483381,
      "spearman": 0.4538753468836722,
      "pearson": 0.7615706285182489
    },
    "top_bucket": {
      "bucket": "(0.183, 0.216]",
      "samples": 200,
      "return_min": 0.1827841363779805,
      "return_max": 0.2160510088432534,
      "return_mean": 0.19314095831402198,
      "ic_mean": 0.08565083229465724,
      "spearman": 0.26389794641040876,
      "pearson": 0.23391071294131718
    }
  }
}