{
  "overall": {
    "rows": 2000,
    "ic_column": "wfo_ic",
    "return_column": "annual_ret_net",
    "buckets": 10,
    "global_spearman": -0.34756645977143114,
    "global_pearson": 0.3045133731829569
  },
  "extremes": {
    "bottom_bucket": {
      "bucket": "(-0.00844, 0.101]",
      "samples": 200,
      "return_min": -0.0074421498119953,
      "return_max": 0.1006833466275909,
      "return_mean": 0.07530284971494808,
      "ic_mean": 0.07414456709998375,
      "spearman": 0.4218795469886748,
      "pearson": 0.5856398177876248
    },
    "top_bucket": {
      "bucket": "(0.199, 0.236]",
      "samples": 200,
      "return_min": 0.1994885284424803,
      "return_max": 0.2360162073610923,
      "return_mean": 0.2068206476617185,
      "ic_mean": 0.0985135160059143,
      "spearman": 0.03358811489395852,
      "pearson": 0.030050271337912052
    }
  }
}