{
  "rows": 2000,
  "ic_column": "wfo_ic",
  "return_column": "annual_ret_net",
  "quantiles": 10,
  "global_spearman": 0.14702932955114034,
  "global_pearson": 0.4310065309902665,
  "polyfit": {
    "coefficients": {
      "a": -9.752350003476192,
      "b": 2.192846371659491,
      "c": 0.025788081249463718
    },
    "vertex_ic": 0.11242656236075707,
    "vertex_return": 0.14905517092493153
  }
}