{
  "total_combos": 100,
  "top1000_enhanced_score_mean": 0.13848390667950025,
  "top1000_enhanced_score_std": 0.07588524972295119,
  "top1000_original_rank_mean": 50.5,
  "ranking_improvement": -449.5,
  "ensemble_weights": {
    "ranking": 0.45,
    "regression_total": 0.55,
    "regression_each": 0.18333333333333335
  }
}