{
  "experiment": "LambdaMART_vs_GBDT_quick_comparison",
  "run_id": "20251112_223854",
  "n_samples": 5066,
  "n_train": 3546,
  "n_test": 1520,
  "features": [
    "mean_oos_ic",
    "oos_ic_std",
    "positive_rate",
    "stability_score",
    "combo_size"
  ],
  "gbdt_regressor": {
    "train": {
      "model": "GBDT (训练集)",
      "spearman": 0.9080095319334954,
      "spearman_pvalue": 0.0,
      "top10_overlap": 0.0,
      "top50_overlap": 0.18,
      "top100_overlap": 0.32,
      "top500_overlap": 0.554,
      "top1000_overlap": 0.861,
      "ndcg@1000": 0.9834205583715782
    },
    "test": {
      "model": "GBDT (测试集)",
      "spearman": 0.7129082907128397,
      "spearman_pvalue": 3.160731779287013e-236,
      "top10_overlap": 0.0,
      "top50_overlap": 0.08,
      "top100_overlap": 0.2,
      "top500_overlap": 0.836,
      "top1000_overlap": 0.797,
      "ndcg@1000": 0.9410042105022042
    }
  },
  "lambdarank": {
    "train": {
      "model": "LambdaMART (训练集)",
      "spearman": 0.4616702834679946,
      "spearman_pvalue": 9.845350713766294e-187,
      "top10_overlap": 0.0,
      "top50_overlap": 0.12,
      "top100_overlap": 0.2,
      "top500_overlap": 0.364,
      "top1000_overlap": 0.627,
      "ndcg@1000": 0.8661515935538884
    },
    "test": {
      "model": "LambdaMART (测试集)",
      "spearman": 0.47831288989598897,
      "spearman_pvalue": 9.942678072576055e-88,
      "top10_overlap": 0.1,
      "top50_overlap": 0.18,
      "top100_overlap": 0.26,
      "top500_overlap": 0.658,
      "top1000_overlap": 0.754,
      "ndcg@1000": 0.908365916858814
    }
  },
  "improvement": {
    "spearman_delta": -0.2345954008168507,
    "spearman_pct": -32.90681338300581,
    "ndcg_delta": -0.032638293643390215
  }
}