{
  "overall": {
    "rows": 2000,
    "ic_column": "wfo_ic",
    "return_column": "annual_ret_net",
    "buckets": 10,
    "global_spearman": 0.2757377782354695,
    "global_pearson": 0.3545752187725416
  },
  "extremes": {
    "bottom_bucket": {
      "bucket": "(-0.012, 0.0523]",
      "samples": 200,
      "return_min": -0.0109582702793279,
      "return_max": 0.0523213975300671,
      "return_mean": 0.03569415488588376,
      "ic_mean": 0.03815742557911301,
      "spearman": 0.5112504729807879,
      "pearson": 0.573084444289577
    },
    "top_bucket": {
      "bucket": "(0.149, 0.22]",
      "samples": 200,
      "return_min": 0.1492920388393328,
      "return_max": 0.2196877351285495,
      "return_mean": 0.17023672740887733,
      "ic_mean": 0.07512469229873765,
      "spearman": 0.03836945923648091,
      "pearson": 0.011846003878448124
    }
  }
}