{
  "run_dir": "/Users/zhangshenshen/深度量化0927/etf_rotation_experiments/results/run_20251112_223854",
  "topk": 3000,
  "coverage": {
    "total": 3000,
    "validated": 3000,
    "coverage_rate": 1.0
  },
  "overall_correlation": {
    "ic_sorting_spearman": 0.022681009194112953,
    "ml_sorting_spearman": -0.19185678743780898,
    "improvement": -0.21453779663192193
  },
  "stratified_correlation": {
    "top100": {
      "spearman": 0.22915829078294828,
      "pvalue": 0.021826094595479507,
      "n_samples": 100
    },
    "top500": {
      "spearman": 0.09057290096816613,
      "pvalue": 0.04293261122568951,
      "n_samples": 500
    },
    "top1000": {
      "spearman": 0.025967875705837928,
      "pvalue": 0.41205217585262466,
      "n_samples": 1000
    },
    "top2000": {
      "spearman": -0.24438301962191766,
      "pvalue": 1.388968243495016e-28,
      "n_samples": 2000
    },
    "top3000": {
      "spearman": -0.19185678743780898,
      "pvalue": 2.8953111330661546e-26,
      "n_samples": 3000
    }
  },
  "topk_precision": {
    "top10": 0.0,
    "top50": 0.0,
    "top100": 0.02,
    "top500": 0.12,
    "top1000": 0.193,
    "top2000": 0.497,
    "top3000": 0.656
  },
  "performance_improvement": {
    "top10": {
      "ic_sorting": {
        "annual_ret": 0.1071536228734904,
        "sharpe": 0.5111014775823797,
        "max_dd": -0.3300613852325019
      },
      "ml_sorting": {
        "annual_ret": 0.14518888129584104,
        "sharpe": 0.7180675008047674,
        "max_dd": -0.26202081752403406
      },
      "delta": {
        "annual_ret": 0.03803525842235064,
        "sharpe": 0.20696602322238777,
        "max_dd": 0.06804056770846784
      }
    },
    "top50": {
      "ic_sorting": {
        "annual_ret": 0.1233156465886143,
        "sharpe": 0.5936174641347285,
        "max_dd": -0.29038972218301695
      },
      "ml_sorting": {
        "annual_ret": 0.13017653644877644,
        "sharpe": 0.6468583726373922,
        "max_dd": -0.28207228960389674
      },
      "delta": {
        "annual_ret": 0.006860889860162145,
        "sharpe": 0.05324090850266372,
        "max_dd": 0.00831743257912021
      }
    },
    "top100": {
      "ic_sorting": {
        "annual_ret": 0.11996115032004973,
        "sharpe": 0.5797065009511874,
        "max_dd": -0.2969961555966735
      },
      "ml_sorting": {
        "annual_ret": 0.12179264007760018,
        "sharpe": 0.5943032028355851,
        "max_dd": -0.3033372846096832
      },
      "delta": {
        "annual_ret": 0.0018314897575504585,
        "sharpe": 0.014596701884397767,
        "max_dd": -0.006341129013009705
      }
    },
    "top500": {
      "ic_sorting": {
        "annual_ret": 0.12018680326643724,
        "sharpe": 0.5783703267770004,
        "max_dd": -0.30351337119719557
      },
      "ml_sorting": {
        "annual_ret": 0.1247982182635843,
        "sharpe": 0.6051748694685125,
        "max_dd": -0.2906219766906006
      },
      "delta": {
        "annual_ret": 0.004611414997147054,
        "sharpe": 0.026804542691512112,
        "max_dd": 0.012891394506594989
      }
    },
    "top1000": {
      "ic_sorting": {
        "annual_ret": 0.11941696115888945,
        "sharpe": 0.5706788108693006,
        "max_dd": -0.3011245094037955
      },
      "ml_sorting": {
        "annual_ret": 0.12388996656942755,
        "sharpe": 0.5933216335852426,
        "max_dd": -0.2883422814574052
      },
      "delta": {
        "annual_ret": 0.004473005410538106,
        "sharpe": 0.02264282271594198,
        "max_dd": 0.012782227946390279
      }
    }
  }
}