{
  "summary": {
    "total_tests": 5,
    "passed_tests": 5,
    "failed_tests": 0,
    "success_rate": 1.0,
    "overall_success": true
  },
  "test_results": [
    {
      "test_name": "配置加载性能",
      "success": true,
      "duration": 0.09171795845031738,
      "details": {
        "success": true,
        "message": "配置加载性能: 平均 2.67ms, 内存 0.01MB",
        "avg_load_time_ms": 2.6701927185058594,
        "avg_memory_usage_mb": 0.0078125,
        "load_times_ms": [
          2.869844436645508,
          2.727031707763672,
          2.621889114379883,
          2.608776092529297,
          2.6030540466308594,
          2.6979446411132812,
          2.685070037841797,
          2.6521682739257812,
          2.5680065155029297,
          2.668142318725586
        ],
        "memory_usage_mb": [
          0.078125,
          0.0,
          0.0,
          0.0,
          0.0,
          0.0,
          0.0,
          0.0,
          0.0,
          0.0
        ]
      },
      "error": null
    },
    {
      "test_name": "配置验证性能",
      "success": true,
      "duration": 0.024631977081298828,
      "details": {
        "success": true,
        "message": "配置验证性能: 平均 0.00ms",
        "avg_validation_time_ms": 0.0031232833862304688,
        "validation_times_ms": [
          0.010013580322265625,
          0.00286102294921875,
          0.00286102294921875,
          0.00286102294921875,
          0.00286102294921875,
          0.0007152557373046875,
          0.0019073486328125,
          0.003814697265625,
          0.0021457672119140625,
          0.0011920928955078125
        ]
      },
      "error": null
    },
    {
      "test_name": "参数修改性能",
      "success": true,
      "duration": 8.106231689453125e-05,
      "details": {
        "success": true,
        "message": "参数修改性能: 平均 0.00ms",
        "avg_modification_time_ms": 0.0007510185241699219,
        "modification_times_ms": [
          0.0019073486328125,
          0.0011920928955078125,
          0.00095367431640625,
          0.0011920928955078125,
          0.0,
          0.0011920928955078125,
          0.0011920928955078125,
          0.00095367431640625,
          0.0,
          0.0011920928955078125,
          0.0,
          0.0007152557373046875,
          0.0,
          0.0,
          0.0,
          0.0011920928955078125,
          0.0011920928955078125,
          0.0,
          0.0011920928955078125,
          0.00095367431640625
        ]
      },
      "error": null
    },
    {
      "test_name": "配置序列化性能",
      "success": true,
      "duration": 0.0010039806365966797,
      "details": {
        "success": true,
        "message": "序列化性能: 序列化 0.08ms, 反序列化 0.01ms",
        "avg_serialization_time_ms": 0.08461475372314453,
        "avg_deserialization_time_ms": 0.013780593872070312,
        "avg_serialized_size_bytes": 1829.0,
        "serialized_sizes": [
          1829,
          1829,
          1829,
          1829,
          1829,
          1829,
          1829,
          1829,
          1829,
          1829
        ]
      },
      "error": null
    },
    {
      "test_name": "内存效率测试",
      "success": true,
      "duration": 0.04964137077331543,
      "details": {
        "success": true,
        "message": "内存效率: 平均每个配置实例 0.00MB",
        "avg_memory_per_instance_mb": 0.0,
        "memory_usage_per_instance": [
          0.0,
          0.0,
          0.0,
          0.0,
          0.0
        ],
        "instance_counts": [
          1,
          5,
          10,
          20,
          50
        ]
      },
      "error": null
    }
  ],
  "recommendations": [
    "✅ 所有性能测试通过，系统性能良好"
  ]
}