{
  "rows": 2000,
  "ic_column": "wfo_ic",
  "return_column": "annual_ret_net",
  "quantiles": 10,
  "global_spearman": 0.42601571828197665,
  "global_pearson": 0.4960489704783159,
  "polyfit": {
    "coefficients": {
      "a": -0.8653284734409348,
      "b": 0.8939104146695191,
      "c": 0.048491048859804
    },
    "vertex_ic": 0.5165150819057934,
    "vertex_return": 0.2793501543845382
  }
}