{
  "strategy": "ETF\u6708\u5ea6\u8f6e\u52a8",
  "rebalance_frequency": "20\u4ea4\u6613\u65e5\uff08\u7ea61\u4e2a\u6708\uff09",
  "top_factors": [
    "MOMENTUM_20D",
    "RSI_24",
    "RSI_14",
    "PRICE_POSITION_20D",
    "PRICE_POSITION_60D"
  ],
  "factor_weights": {
    "MOMENTUM_20D": 0.8983734545058395,
    "RSI_24": 0.7519445113405758,
    "RSI_14": 0.709924748903718,
    "PRICE_POSITION_20D": 0.6964554237564313,
    "PRICE_POSITION_60D": 0.6353667413795642
  },
  "risk_control": {
    "use_volatility": true,
    "use_drawdown": true,
    "max_volatility": 0.3,
    "max_drawdown": -0.15
  }
}