{
  "factor_list": [
    "MOMENTUM_5",
    "VBT_STOCH_D_5_3",
    "VBT_STOCH_K_5_3",
    "VBT_STOCH_K_5_5",
    "TA_RSI_6",
    "VBT_STOCH_K_9_3",
    "VBT_STOCH_K_9_5",
    "PRICE_POSITION_10",
    "VBT_RSI_6",
    "VBT_STOCH_D_9_3",
    "VBT_STOCH_K_14_3",
    "VBT_STOCH_K_14_5",
    "TA_RSI_9",
    "TA_MACD_HIST_5_35_5",
    "VBT_STOCH_D_5_5",
    "PRICE_POSITION_20",
    "VBT_STOCH_K_20_3",
    "VBT_STOCH_K_20_5",
    "TA_RSI_12",
    "TA_ROC_10",
    "TA_ROCR_10",
    "TA_ROCP_10",
    "VBT_STOCH_D_14_3",
    "MOMENTUM_10",
    "VBT_RSI_9",
    "TA_RSI_14",
    "PRICE_POSITION_30",
    "VBT_STOCH_D_20_3",
    "VBT_MACD_HIST_5_35_5",
    "VBT_RSI_12"
  ],
  "weights": {
    "MOMENTUM_5": 0.7523202806901893,
    "VBT_STOCH_D_5_3": 0.6725795336252237,
    "VBT_STOCH_K_5_3": 0.6461707159240672,
    "VBT_STOCH_K_5_5": 0.6461707159240672,
    "TA_RSI_6": 0.6410649700921075,
    "VBT_STOCH_K_9_3": 0.632556900038587,
    "VBT_STOCH_K_9_5": 0.632556900038587,
    "PRICE_POSITION_10": 0.6219322151116464,
    "VBT_RSI_6": 0.6013437361032089,
    "VBT_STOCH_D_9_3": 0.580139083565843,
    "VBT_STOCH_K_14_3": 0.5781097149818271,
    "VBT_STOCH_K_14_5": 0.5781097149818271,
    "TA_RSI_9": 0.5776531309817949,
    "TA_MACD_HIST_5_35_5": 0.5501553613247694,
    "VBT_STOCH_D_5_5": 0.5348039558714923,
    "PRICE_POSITION_20": 0.5267435475619404,
    "VBT_STOCH_K_20_3": 0.5266473868311856,
    "VBT_STOCH_K_20_5": 0.5266473868311856,
    "TA_RSI_12": 0.5245930770648005,
    "TA_ROC_10": 0.511093298149172,
    "TA_ROCR_10": 0.511093298149172,
    "TA_ROCP_10": 0.5110912710545997,
    "VBT_STOCH_D_14_3": 0.5090620980791377,
    "MOMENTUM_10": 0.5080199746951134,
    "VBT_RSI_9": 0.5000611035202045,
    "TA_RSI_14": 0.4950785546391212,
    "PRICE_POSITION_30": 0.4664162022576776,
    "VBT_STOCH_D_20_3": 0.4556096687597559,
    "VBT_MACD_HIST_5_35_5": 0.4499110039123468,
    "VBT_RSI_12": 0.4382539515465976
  },
  "metadata": {
    "generated_at": "2025-10-18",
    "future_periods": 5,
    "min_ic": 0.4382539515465976,
    "max_ic": 0.7523202806901893,
    "avg_ir": 2.6056088483804314,
    "total_factors": 30
  }
}