{
  "timestamp": "2025-11-13T11:16:28.155156",
  "ic_ranking": {
    "annual_ret_mean": 0.15872526645369545,
    "annual_ret_median": 0.15962623902394105,
    "sharpe_mean": 0.9675906383915551,
    "sharpe_median": 0.9672244250697912,
    "max_dd_mean": -0.21007064767879707,
    "vol_mean": 0.2052293847855229
  },
  "calibrated_ranking": {
    "annual_ret_mean": 0.14537998961368961,
    "annual_ret_median": 0.14705361603237488,
    "sharpe_mean": 1.0009655548233212,
    "sharpe_median": 1.023622128818597,
    "max_dd_mean": -0.19744929119700722,
    "vol_mean": 0.1992641990928854
  },
  "deltas": {
    "annual_ret_delta": -0.013345276840005832,
    "sharpe_delta": 0.033374916431766044,
    "max_dd_delta": 0.012621356481789858
  },
  "verdict": {
    "annual_ret_improved": false,
    "sharpe_improved": true,
    "both_improved": false
  }
}