{
  "overall": {
    "rows": 12597,
    "ic_column": "wfo_ic",
    "return_column": "annual_ret",
    "buckets": 10,
    "global_spearman": 0.47778401014278926,
    "global_pearson": 0.5504117494840205
  },
  "extremes": {
    "bottom_bucket": {
      "bucket": "(-0.0503, 0.0633]",
      "samples": 1260,
      "return_min": -0.0493340954921784,
      "return_max": 0.0632536766635274,
      "return_mean": 0.04269666368429678,
      "ic_mean": 0.038608955674142104,
      "spearman": 0.4979504067792074,
      "pearson": 0.5176009546399213
    },
    "top_bucket": {
      "bucket": "(0.191, 0.234]",
      "samples": 1260,
      "return_min": 0.1908442397560086,
      "return_max": 0.2337994526108391,
      "return_mean": 0.19966360345474668,
      "ic_mean": 0.09453729004847755,
      "spearman": -0.02562975667428422,
      "pearson": 0.010346658518944287
    }
  }
}