{
  "overall": {
    "rows": 2000,
    "ic_column": "wfo_ic",
    "return_column": "annual_ret",
    "buckets": 10,
    "global_spearman": 0.036808560349348755,
    "global_pearson": -0.021321677679174145
  },
  "extremes": {
    "bottom_bucket": {
      "bucket": "(0.0427, 0.0924]",
      "samples": 200,
      "return_min": 0.0436744732439611,
      "return_max": 0.092305747061925,
      "return_mean": 0.0792469086663773,
      "ic_mean": 0.10847906113549165,
      "spearman": 0.1345257140371743,
      "pearson": 0.20156303004103088
    },
    "top_bucket": {
      "bucket": "(0.175, 0.232]",
      "samples": 200,
      "return_min": 0.1746599516167608,
      "return_max": 0.231672027701294,
      "return_mean": 0.18924592502323156,
      "ic_mean": 0.10965404713715725,
      "spearman": 0.03963177051810199,
      "pearson": -0.04853962709221296
    }
  }
}