{
  "wfo_run_id": "20251109_032515_20251110_001325",
  "total_combos": 12597,
  "config": {
    "IS_period": 252,
    "OOS_period": 60,
    "step_size": 60,
    "combo_sizes": [
      2,
      3,
      4,
      5
    ],
    "rebalance_freq": 8,
    "fdr_alpha": 0.05
  },
  "performance_summary": {
    "sharpe_median": 0.5553218360222311,
    "sharpe_mean": 0.5929165315892668,
    "max_dd_median": -0.2677487454934271,
    "annual_ret_median": 0.1270240395491617,
    "negative_sharpe_pct": 0.0020639834881320948
  },
  "top10_ranks": [
    1,
    2,
    3,
    4,
    5,
    6,
    7,
    8,
    9,
    10
  ],
  "top10_sharpes": [
    1.044895099764801,
    1.0233132990140363,
    0.9616860602467732,
    0.95097610707621,
    1.0170173807027094,
    0.92206666363189,
    0.9850938280861596,
    1.0072538247171228,
    1.0519675809686688,
    1.0055242018758348
  ]
}