{
  "rows": 2000,
  "ic_column": "wfo_ic",
  "return_column": "annual_ret_net",
  "quantiles": 10,
  "global_spearman": 0.03869300861639425,
  "global_pearson": -0.01887409615179486,
  "polyfit": {
    "coefficients": {
      "a": -33.687572730533745,
      "b": 7.7944073717864075,
      "c": -0.3109082712725534
    },
    "vertex_ic": 0.11568668710764239,
    "vertex_return": 0.13994631213212433
  }
}