{
  "coverage": 0.9693651354111387,
  "valid_factors": 209,
  "last_check": "2025-10-15T14:59:29.920507"
}