{
  "rtol": 0.016,
  "atol": 0.0025,
  "source": "multi_combo_sampling",
  "samples": {
    "len2_max": 0.0043871,
    "len4_max": 0.0071238,
    "len3_tail_max": 0.015325,
    "len2_p95": 0.00065214,
    "len4_p95": 0.001005,
    "len3_tail_p95": 0.0011925
  }
}