{
  "kfold_cv": {
    "split_type": "kfold",
    "n_iterations": 3,
    "metrics": {
      "model_spearman": {
        "mean": 0.8869535863354452,
        "std": 0.0029582162697540464,
        "min": 0.8842371107979288,
        "max": 0.8901053162255114
      },
      "model_ndcg10": {
        "mean": 0.8954226212583082,
        "std": 0.003790565799046143,
        "min": 0.8910525141920225,
        "max": 0.8978198356945356
      },
      "model_ndcg50": {
        "mean": 0.920773390908356,
        "std": 0.009177407516961958,
        "min": 0.911246478283231,
        "max": 0.929555959138658
      },
      "baseline_mean_oos_ic_spearman": {
        "mean": -0.14546427478819315,
        "std": 0.007248781531015303,
        "min": -0.15347737061767766,
        "max": -0.13936307771308723
      },
      "baseline_mean_oos_ic_ndcg10": {
        "mean": 0.5314183209512696,
        "std": 0.04111330395815032,
        "min": 0.49645997346720055,
        "max": 0.576713662981596
      },
      "baseline_mean_oos_ic_ndcg50": {
        "mean": 0.6023331863309697,
        "std": 0.013487918936522587,
        "min": 0.5889390028938212,
        "max": 0.6159129261429174
      },
      "baseline_compound_sharpe_spearman": {
        "mean": 0.31158001898447946,
        "std": 0.011944528886707476,
        "min": 0.3021511819056043,
        "max": 0.3250119224725941
      },
      "baseline_compound_sharpe_ndcg10": {
        "mean": 0.6037908790029256,
        "std": 0.05719958246505681,
        "min": 0.5446341291770046,
        "max": 0.6588084254177625
      },
      "baseline_compound_sharpe_ndcg50": {
        "mean": 0.6899987665447642,
        "std": 0.03539998537772273,
        "min": 0.6563952708996793,
        "max": 0.7269564756459471
      }
    }
  },
  "repeated_holdout": {
    "split_type": "holdout",
    "n_iterations": 3,
    "metrics": {
      "model_spearman": {
        "mean": 0.8922086051017081,
        "std": 0.0036458290990111913,
        "min": 0.8880639107289208,
        "max": 0.8949198585694413
      },
      "model_ndcg10": {
        "mean": 0.9106028868671364,
        "std": 0.0187785653525649,
        "min": 0.8893886581468009,
        "max": 0.9250961164535323
      },
      "model_ndcg50": {
        "mean": 0.9341021220820563,
        "std": 0.010830426395122853,
        "min": 0.9224974374274286,
        "max": 0.9439413699631527
      },
      "baseline_mean_oos_ic_spearman": {
        "mean": -0.14046632961612623,
        "std": 0.005506196401917982,
        "min": -0.1466276629297389,
        "max": -0.13602673777174715
      },
      "baseline_mean_oos_ic_ndcg10": {
        "mean": 0.5726543321624905,
        "std": 0.06797915767183503,
        "min": 0.49445854641078285,
        "max": 0.6176877280310975
      },
      "baseline_mean_oos_ic_ndcg50": {
        "mean": 0.61254975477028,
        "std": 0.0173269582539294,
        "min": 0.5927067977822282,
        "max": 0.6246885009096658
      },
      "baseline_compound_sharpe_spearman": {
        "mean": 0.31584800775056815,
        "std": 0.015258896376552873,
        "min": 0.30096174894862815,
        "max": 0.33145406510611586
      },
      "baseline_compound_sharpe_ndcg10": {
        "mean": 0.6014311547106778,
        "std": 0.036808360952348476,
        "min": 0.5800547336965862,
        "max": 0.6439335429451079
      },
      "baseline_compound_sharpe_ndcg50": {
        "mean": 0.6832982573751645,
        "std": 0.03211968766468273,
        "min": 0.6643079179283886,
        "max": 0.7203832729018356
      }
    }
  },
  "summary": {
    "kfold_improvement_vs_baseline": 709.7398056168196,
    "holdout_improvement_vs_baseline": 735.1761361886387
  }
}