{
  "rows": 2000,
  "ic_column": "wfo_ic",
  "return_column": "annual_ret",
  "quantiles": 10,
  "global_spearman": 0.036808560349348755,
  "global_pearson": -0.021321677679174145,
  "polyfit": {
    "coefficients": {
      "a": -33.61742022395211,
      "b": 7.768937954576566,
      "c": -0.31081139825613613
    },
    "vertex_ic": 0.11554928817888989,
    "vertex_return": 0.1380362270225054
  }
}