{
  "overall": {
    "rows": 12597,
    "ic_column": "wfo_ic",
    "return_column": "annual_ret",
    "buckets": 10,
    "global_spearman": 0.47705881476970513,
    "global_pearson": 0.5499880323160004
  },
  "extremes": {
    "bottom_bucket": {
      "bucket": "(-0.049300000000000004, 0.0632]",
      "samples": 1260,
      "return_min": -0.0483493417888241,
      "return_max": 0.0631893234582907,
      "return_mean": 0.04241694250343346,
      "ic_mean": 0.03838328783590082,
      "spearman": 0.49632175693688535,
      "pearson": 0.5138106449688
    },
    "top_bucket": {
      "bucket": "(0.191, 0.234]",
      "samples": 1260,
      "return_min": 0.190914522019411,
      "return_max": 0.2337994526108391,
      "return_mean": 0.19961253061645165,
      "ic_mean": 0.0945349208554257,
      "spearman": -0.004508764699994193,
      "pearson": 0.020779844675714528
    }
  }
}