{
  "rows": 12597,
  "ic_column": "wfo_ic",
  "return_column": "annual_ret",
  "quantiles": 10,
  "global_spearman": 0.47705881476970513,
  "global_pearson": 0.5499880323160004,
  "polyfit": {
    "coefficients": {
      "a": 0.3803256610438631,
      "b": 0.9331188248877872,
      "c": 0.046738841877190934
    },
    "vertex_ic": -1.2267366108385862,
    "vertex_return": -0.5256066704990733
  }
}