{
  "rows": 2000,
  "ic_column": "wfo_ic",
  "return_column": "annual_ret_net",
  "quantiles": 10,
  "global_spearman": -0.34756645977143114,
  "global_pearson": 0.3045133731829569,
  "polyfit": {
    "coefficients": {
      "a": -41.13205020945678,
      "b": 6.4394708705368995,
      "c": -0.06539820191266388
    },
    "vertex_ic": 0.07827801966769436,
    "vertex_return": 0.18663631181405232
  }
}