{
  "overall": {
    "rows": 2000,
    "ic_column": "wfo_ic",
    "return_column": "annual_ret_net",
    "buckets": 10,
    "global_spearman": -0.3706472158325195,
    "global_pearson": 0.19318840954505506
  },
  "extremes": {
    "bottom_bucket": {
      "bucket": "(0.00282, 0.0957]",
      "samples": 200,
      "return_min": 0.0038155556909513,
      "return_max": 0.0957130102550529,
      "return_mean": 0.07681602167798827,
      "ic_mean": 0.08326501947158606,
      "spearman": 0.4409750243756094,
      "pearson": 0.6192667897391652
    },
    "top_bucket": {
      "bucket": "(0.202, 0.23]",
      "samples": 200,
      "return_min": 0.2021643089804883,
      "return_max": 0.2301000264527199,
      "return_mean": 0.20981031691087246,
      "ic_mean": 0.09257963047458194,
      "spearman": -0.2534868371709293,
      "pearson": -0.2157523679840179
    }
  }
}