{
  "audit_time": "2025-10-14 20:53:48",
  "risk_level": "高",
  "total_risks": 5,
  "risks": [
    "因子 ATR14 覆盖率呈下降趋势",
    "因子 TA_ADX_14 覆盖率呈下降趋势",
    "动量递减关系异常: Momentum63 vs Momentum126",
    "动量递减关系异常: Momentum126 vs Momentum252",
    "风险控制能力待提升，最大回撤: -2.9%"
  ],
  "audit_results": {
    "data_coverage": {
      "Momentum252": 0.8077065841802916,
      "Momentum126": 0.9034732655766682,
      "Momentum63": 0.9513566062748564,
      "VOLATILITY_120D": 0.9080335837384004,
      "MOM_ACCEL": 0.8077065841802916,
      "DRAWDOWN_63D": 0.9521166593018118,
      "ATR14": 0.9893592576226249,
      "TA_ADX_14": 0.979478568272205
    }
  }
}